{"cameraMode":{"drawMode":0,"name":"Shaded","section":"Shading Mode"},"sceneLighting":false,"audioPlay":false,"sceneViewState":{"showFog":true,"showMaterialUpdate":false,"showSkybox":true,"showFlares":true,"showImageEffects":true,"showParticleSystems":true},"in2DMode":false,"pivot":{"x":0.02611781656742096,"y":0.6662799119949341,"z":0.4165080785751343},"rotation":{"x":0.009815908968448639,"y":0.9050518870353699,"z":-0.4248635172843933,"w":0.020751025527715684},"size":1.2550511360168458,"orthographic":false}