{"cameraMode":{"drawMode":0,"name":"Shaded","section":"Shading Mode"},"sceneLighting":false,"audioPlay":false,"sceneViewState":{"showFog":true,"showMaterialUpdate":false,"showSkybox":false,"showFlares":true,"showImageEffects":true,"showParticleSystems":true},"in2DMode":false,"pivot":{"x":0.00750536285340786,"y":0.10719931125640869,"z":0.04600123316049576},"rotation":{"x":0.02268393710255623,"y":0.9121550917625427,"z":-0.05095989257097244,"w":0.406032532453537},"size":0.15419360995292664,"orthographic":false}