{"cameraMode":{"drawMode":0,"name":"Shaded","section":"Shading Mode"},"sceneLighting":true,"audioPlay":false,"sceneViewState":{"showFog":true,"showMaterialUpdate":true,"showSkybox":true,"showFlares":true,"showImageEffects":true,"showParticleSystems":true},"in2DMode":false,"pivot":{"x":-7.493527412414551,"y":-5.268060207366943,"z":-16.649600982666017},"rotation":{"x":0.03651263192296028,"y":-0.9626089334487915,"z":0.1665421724319458,"w":0.2112056463956833},"size":10.614703178405762,"orthographic":false}