{"cameraMode":{"drawMode":0,"name":"Shaded","section":"Shading Mode"},"sceneLighting":false,"audioPlay":false,"sceneViewState":{"showFog":true,"showMaterialUpdate":true,"showSkybox":false,"showFlares":true,"showImageEffects":true,"showParticleSystems":true},"in2DMode":false,"pivot":{"x":-0.0710524320602417,"y":0.9053795337677002,"z":-0.5572195053100586},"rotation":{"x":0.026959814131259919,"y":0.956046998500824,"z":-0.27730676531791689,"w":0.09293780475854874},"size":1.9010339975357056,"orthographic":false}