{"cameraMode":{"drawMode":0,"name":"Shaded","section":"Shading Mode"},"sceneLighting":false,"audioPlay":false,"sceneViewState":{"showFog":true,"showMaterialUpdate":true,"showSkybox":false,"showFlares":true,"showImageEffects":true,"showParticleSystems":true},"in2DMode":false,"pivot":{"x":-32.56501007080078,"y":14.010482788085938,"z":-14.160967826843262},"rotation":{"x":-0.01886969991028309,"y":0.9757359027862549,"z":-0.09278196096420288,"w":-0.19817762076854707},"size":40.65621566772461,"orthographic":false}