{"cameraMode":{"drawMode":0,"name":"Shaded","section":"Shading Mode"},"sceneLighting":true,"audioPlay":false,"sceneViewState":{"showFog":true,"showMaterialUpdate":true,"showSkybox":true,"showFlares":true,"showImageEffects":true,"showParticleSystems":true},"in2DMode":false,"pivot":{"x":-20.365659713745118,"y":41.191192626953128,"z":48.4290771484375},"rotation":{"x":-0.15731891989707948,"y":-0.7155526876449585,"z":0.17078976333141328,"w":-0.659049928188324},"size":17.052207946777345,"orthographic":false}