{"cameraMode":{"drawMode":0,"name":"Shaded","section":"Shading Mode"},"sceneLighting":false,"audioPlay":false,"sceneViewState":{"showFog":true,"showMaterialUpdate":false,"showSkybox":false,"showFlares":true,"showImageEffects":true,"showParticleSystems":true},"in2DMode":false,"pivot":{"x":0.47681331634521487,"y":1.354736328125,"z":-0.901458740234375},"rotation":{"x":0.4896817207336426,"y":0.09897630661725998,"z":-0.056066907942295077,"w":0.8644486665725708},"size":1.6813123226165772,"orthographic":true}