{"cameraMode":{"drawMode":0,"name":"Shaded","section":"Shading Mode"},"sceneLighting":true,"audioPlay":false,"sceneViewState":{"showFog":true,"showMaterialUpdate":false,"showSkybox":true,"showFlares":true,"showImageEffects":true,"showParticleSystems":true},"in2DMode":false,"pivot":{"x":0.000693880021572113,"y":0.008595988154411316,"z":0.0017035827040672303},"rotation":{"x":0.03044147416949272,"y":-0.9312241077423096,"z":0.08011937141418457,"w":0.3543557822704315},"size":0.017336178570985795,"orthographic":false}