{"cameraMode":{"drawMode":0,"name":"Shaded","section":"Shading Mode"},"sceneLighting":true,"audioPlay":false,"sceneViewState":{"showFog":true,"showMaterialUpdate":true,"showSkybox":true,"showFlares":true,"showImageEffects":true,"showParticleSystems":true},"in2DMode":false,"pivot":{"x":-0.6004085540771484,"y":27.488224029541017,"z":-2.2676124572753908},"rotation":{"x":-0.16185109317302705,"y":-0.3331899642944336,"z":0.05813207849860191,"w":-0.9271948933601379},"size":7.075963020324707,"orthographic":false}