{"cameraMode":{"drawMode":0,"name":"Shaded","section":"Shading Mode"},"sceneLighting":true,"audioPlay":false,"sceneViewState":{"showFog":true,"showMaterialUpdate":false,"showSkybox":true,"showFlares":true,"showImageEffects":true,"showParticleSystems":true},"in2DMode":false,"pivot":{"x":2.623178482055664,"y":2.2884626388549806,"z":-6.088611602783203},"rotation":{"x":0.0412311926484108,"y":0.9585357308387756,"z":-0.21064308285713197,"w":0.1878238171339035},"size":0.941936194896698,"orthographic":false}