{"cameraMode":{"drawMode":0,"name":"Shaded","section":"Shading Mode"},"sceneLighting":true,"audioPlay":false,"sceneViewState":{"showFog":true,"showMaterialUpdate":false,"showSkybox":true,"showFlares":true,"showImageEffects":true,"showParticleSystems":true},"in2DMode":false,"pivot":{"x":8.622431755065918,"y":0.6957569718360901,"z":1.0590869188308716},"rotation":{"x":0.18040354549884797,"y":-0.704335629940033,"z":0.19294990599155427,"w":0.6589585542678833},"size":0.5090906620025635,"orthographic":false}