{"cameraMode":{"drawMode":0,"name":"Shaded","section":"Shading Mode"},"sceneLighting":true,"audioPlay":false,"sceneViewState":{"showFog":true,"showMaterialUpdate":true,"showSkybox":true,"showFlares":true,"showImageEffects":true,"showParticleSystems":true},"in2DMode":false,"pivot":{"x":12.014437675476075,"y":1.9565364122390748,"z":-1.711299180984497},"rotation":{"x":-0.1384250372648239,"y":0.6828645467758179,"z":-0.1339510679244995,"w":-0.7048919200897217},"size":3.029407501220703,"orthographic":false}