{"cameraMode":{"drawMode":0,"name":"Shaded","section":"Shading Mode"},"sceneLighting":true,"audioPlay":false,"sceneViewState":{"showFog":true,"showMaterialUpdate":false,"showSkybox":true,"showFlares":true,"showImageEffects":true,"showParticleSystems":true},"in2DMode":false,"pivot":{"x":1.129842758178711,"y":1.8855419158935547,"z":-14.90302848815918},"rotation":{"x":-0.16099883615970612,"y":-0.6513181924819946,"z":0.14415831863880158,"w":-0.7274867296218872},"size":10.0,"orthographic":false}