{"cameraMode":{"drawMode":0,"name":"Shaded","section":"Shading Mode"},"sceneLighting":false,"audioPlay":false,"sceneViewState":{"showFog":true,"showMaterialUpdate":false,"showSkybox":false,"showFlares":true,"showImageEffects":true,"showParticleSystems":true},"in2DMode":false,"pivot":{"x":0.18505647778511048,"y":-0.054789185523986819,"z":1.008881688117981},"rotation":{"x":0.11738060414791107,"y":0.06400785595178604,"z":-0.007581529673188925,"w":0.9909936189651489},"size":1.8086602687835694,"orthographic":false}