{"cameraMode":{"drawMode":0,"name":"Shaded","section":"Shading Mode"},"sceneLighting":true,"audioPlay":false,"sceneViewState":{"showFog":true,"showMaterialUpdate":true,"showSkybox":true,"showFlares":true,"showImageEffects":true,"showParticleSystems":true},"in2DMode":false,"pivot":{"x":12.35724925994873,"y":1.4651143550872803,"z":-1.7158513069152833},"rotation":{"x":-0.04336964711546898,"y":0.8883036971092224,"z":-0.08583717048168183,"w":-0.44934794306755068},"size":0.7148589491844177,"orthographic":false}