{"cameraMode":{"drawMode":0,"name":"Shaded","section":"Shading Mode"},"sceneLighting":true,"audioPlay":false,"sceneViewState":{"showFog":true,"showMaterialUpdate":true,"showSkybox":true,"showFlares":true,"showImageEffects":true,"showParticleSystems":true},"in2DMode":false,"pivot":{"x":12.432430267333985,"y":0.10100150108337403,"z":-4.526762008666992},"rotation":{"x":0.0025897021405398847,"y":0.9751281142234802,"z":-0.22196057438850404,"w":0.011419576592743397},"size":2.386965751647949,"orthographic":false}