{"cameraMode":{"drawMode":0,"name":"Shaded","section":"Shading Mode"},"sceneLighting":true,"audioPlay":false,"sceneViewState":{"showFog":true,"showMaterialUpdate":true,"showSkybox":true,"showFlares":true,"showImageEffects":true,"showParticleSystems":true},"in2DMode":false,"pivot":{"x":7.7803730964660648,"y":-0.4024001359939575,"z":-1.016207218170166},"rotation":{"x":-0.10204295814037323,"y":0.6898123025894165,"z":-0.09923822432756424,"w":-0.7100300788879395},"size":3.8961851596832277,"orthographic":false}