{"cameraMode":{"drawMode":0,"name":"Shaded","section":"Shading Mode"},"sceneLighting":true,"audioPlay":false,"sceneViewState":{"showFog":true,"showMaterialUpdate":false,"showSkybox":true,"showFlares":true,"showImageEffects":true,"showParticleSystems":true},"in2DMode":false,"pivot":{"x":12.387479782104493,"y":2.4843955039978029,"z":-19.36110496520996},"rotation":{"x":0.023172715678811075,"y":0.9512922167778015,"z":-0.07724225521087647,"w":0.29800060391426089},"size":17.81258201599121,"orthographic":false}