{"cameraMode":{"drawMode":0,"name":"Shaded","section":"Shading Mode"},"sceneLighting":true,"audioPlay":false,"sceneViewState":{"showFog":true,"showMaterialUpdate":true,"showSkybox":true,"showFlares":true,"showImageEffects":true,"showParticleSystems":true},"in2DMode":false,"pivot":{"x":13.319355010986329,"y":0.6353694200515747,"z":-2.4947335720062258},"rotation":{"x":0.010844230651855469,"y":0.9457383751869202,"z":-0.031491659581661227,"w":0.32358717918395998},"size":2.0336179733276369,"orthographic":false}