{"cameraMode":{"drawMode":0,"name":"Shaded","section":"Shading Mode"},"sceneLighting":true,"audioPlay":false,"sceneViewState":{"showFog":true,"showMaterialUpdate":false,"showSkybox":false,"showFlares":true,"showImageEffects":true,"showParticleSystems":true},"in2DMode":false,"pivot":{"x":-0.001606673002243042,"y":0.002846938092261553,"z":0.0034819378051906826},"rotation":{"x":0.0389069989323616,"y":0.6885466575622559,"z":0.03696765750646591,"w":-0.7232918739318848},"size":0.012554701417684555,"orthographic":false}