{"cameraMode":{"drawMode":0,"name":"Shaded","section":"Shading Mode"},"sceneLighting":false,"audioPlay":false,"sceneViewState":{"showFog":true,"showMaterialUpdate":false,"showSkybox":false,"showFlares":true,"showImageEffects":true,"showParticleSystems":true},"in2DMode":false,"pivot":{"x":0.24532818794250489,"y":1.2480483055114747,"z":1.2101091146469117},"rotation":{"x":0.06602267175912857,"y":-0.9176604151725769,"z":0.17210924625396729,"w":0.3520222306251526},"size":1.1291019916534424,"orthographic":false}