{"cameraMode":{"drawMode":0,"name":"Shaded","section":"Shading Mode"},"sceneLighting":false,"audioPlay":false,"sceneViewState":{"showFog":true,"showMaterialUpdate":false,"showSkybox":false,"showFlares":true,"showImageEffects":true,"showParticleSystems":true},"in2DMode":false,"pivot":{"x":0.23738563060760499,"y":0.018050193786621095,"z":-0.07160234451293946},"rotation":{"x":0.00472058542072773,"y":-0.7958192825317383,"z":0.6054850816726685,"w":0.0062047927640378479},"size":2.860651969909668,"orthographic":false}