{"cameraMode":{"drawMode":0,"name":"Shaded","section":"Shading Mode"},"sceneLighting":true,"audioPlay":false,"sceneViewState":{"showFog":true,"showMaterialUpdate":true,"showSkybox":true,"showFlares":true,"showImageEffects":true,"showParticleSystems":true},"in2DMode":false,"pivot":{"x":1.5669972896575928,"y":-0.43881821632385256,"z":-1.9758479595184327},"rotation":{"x":0.07819993793964386,"y":0.9178951382637024,"z":-0.2263670414686203,"w":0.31685927510261538},"size":2.898965835571289,"orthographic":false}