{"cameraMode":{"drawMode":0,"name":"Shaded","section":"Shading Mode"},"sceneLighting":true,"audioPlay":false,"sceneViewState":{"showFog":true,"showMaterialUpdate":false,"showSkybox":false,"showFlares":true,"showImageEffects":true,"showParticleSystems":true},"in2DMode":false,"pivot":{"x":-0.020120196044445039,"y":0.08824648708105087,"z":-0.0001783519983291626},"rotation":{"x":0.02278030291199684,"y":0.9712039232254028,"z":-0.10262668877840042,"w":0.21428608894348145},"size":0.11168044060468674,"orthographic":false}