{"cameraMode":{"drawMode":0,"name":"Shaded","section":"Shading Mode"},"sceneLighting":true,"audioPlay":false,"sceneViewState":{"showFog":true,"showMaterialUpdate":false,"showSkybox":true,"showFlares":true,"showImageEffects":true,"showParticleSystems":true},"in2DMode":false,"pivot":{"x":12.089787483215332,"y":0.18984365463256837,"z":-2.824277877807617},"rotation":{"x":-0.16102126240730287,"y":-0.0836917832493782,"z":0.0136887077242136,"w":-0.9833284616470337},"size":6.498795509338379,"orthographic":false}