{"cameraMode":{"drawMode":0,"name":"Shaded","section":"Shading Mode"},"sceneLighting":true,"audioPlay":false,"sceneViewState":{"showFog":true,"showMaterialUpdate":false,"showSkybox":true,"showFlares":true,"showImageEffects":true,"showParticleSystems":true},"in2DMode":false,"pivot":{"x":-0.26753854751586916,"y":7.546523094177246,"z":4.06907320022583},"rotation":{"x":-0.20023401081562043,"y":-0.7681626677513123,"z":0.2867995798587799,"w":-0.5364132523536682},"size":5.4472455978393559,"orthographic":false}