{"cameraMode":{"drawMode":0,"name":"Shaded","section":"Shading Mode"},"sceneLighting":true,"audioPlay":false,"sceneViewState":{"showFog":true,"showMaterialUpdate":true,"showSkybox":true,"showFlares":true,"showImageEffects":true,"showParticleSystems":true},"in2DMode":false,"pivot":{"x":0.0632784366607666,"y":1.8953092098236085,"z":-0.9195609092712402},"rotation":{"x":0.03919005021452904,"y":0.944170355796814,"z":-0.12130182236433029,"w":0.3041756749153137},"size":2.396554470062256,"orthographic":false}