{"cameraMode":{"drawMode":0,"name":"Shaded","section":"Shading Mode"},"sceneLighting":true,"audioPlay":false,"sceneViewState":{"showFog":true,"showMaterialUpdate":false,"showSkybox":false,"showFlares":true,"showImageEffects":true,"showParticleSystems":true},"in2DMode":false,"pivot":{"x":0.000887618400156498,"y":-0.000502130831591785,"z":0.0067615807056427},"rotation":{"x":-0.027707280591130258,"y":0.6444334387779236,"z":-0.023456590250134469,"w":-0.7638761401176453},"size":0.004199487157166004,"orthographic":false}