{"cameraMode":{"drawMode":0,"name":"Shaded","section":"Shading Mode"},"sceneLighting":false,"audioPlay":false,"sceneViewState":{"showFog":true,"showMaterialUpdate":false,"showSkybox":false,"showFlares":true,"showImageEffects":true,"showParticleSystems":true},"in2DMode":false,"pivot":{"x":0.8201309442520142,"y":-0.0224609375,"z":0.26553717255592348},"rotation":{"x":0.6383788585662842,"y":0.0034637050703167917,"z":-0.0028727420140057804,"w":0.7697101831436157},"size":1.946075439453125,"orthographic":true}