{"cameraMode":{"drawMode":0,"name":"Shaded","section":"Shading Mode"},"sceneLighting":true,"audioPlay":false,"sceneViewState":{"showFog":true,"showMaterialUpdate":true,"showSkybox":true,"showFlares":true,"showImageEffects":true,"showParticleSystems":true},"in2DMode":false,"pivot":{"x":-47.071651458740237,"y":5.628003120422363,"z":-36.85677719116211},"rotation":{"x":-0.01886969991028309,"y":0.9757359027862549,"z":-0.09278196096420288,"w":-0.19817762076854707},"size":48.401668548583987,"orthographic":false}