{"cameraMode":{"drawMode":0,"name":"Shaded","section":"Shading Mode"},"sceneLighting":true,"audioPlay":false,"sceneViewState":{"showFog":true,"showMaterialUpdate":false,"showSkybox":false,"showFlares":true,"showImageEffects":true,"showParticleSystems":true},"in2DMode":false,"pivot":{"x":-0.0065306005999445919,"y":0.013365314342081547,"z":0.0011622831225395203},"rotation":{"x":-0.03819312900304794,"y":0.9243851900100708,"z":-0.09633935987949372,"w":-0.36742666363716128},"size":0.021065080538392068,"orthographic":false}