{"cameraMode":{"drawMode":0,"name":"Shaded","section":"Shading Mode"},"sceneLighting":true,"audioPlay":false,"sceneViewState":{"showFog":true,"showMaterialUpdate":false,"showSkybox":true,"showFlares":true,"showImageEffects":true,"showParticleSystems":true},"in2DMode":false,"pivot":{"x":9.00444507598877,"y":4.560935020446777,"z":3.9737751483917238},"rotation":{"x":-0.151919424533844,"y":0.845747172832489,"z":-0.32590451836586,"w":-0.3942413628101349},"size":3.2660250663757326,"orthographic":false}