{"cameraMode":{"drawMode":0,"name":"Shaded","section":"Shading Mode"},"sceneLighting":false,"audioPlay":false,"sceneViewState":{"showFog":true,"showMaterialUpdate":false,"showSkybox":false,"showFlares":true,"showImageEffects":true,"showParticleSystems":true},"in2DMode":false,"pivot":{"x":0.000693880021572113,"y":0.008595988154411316,"z":0.0017035827040672303},"rotation":{"x":0.2866634428501129,"y":-0.35161131620407107,"z":0.11309739202260971,"w":0.8841496706008911},"size":0.017336178570985795,"orthographic":false}