{"cameraMode":{"drawMode":0,"name":"Shaded","section":"Shading Mode"},"sceneLighting":true,"audioPlay":false,"sceneViewState":{"showFog":true,"showMaterialUpdate":false,"showSkybox":false,"showFlares":true,"showImageEffects":true,"showParticleSystems":true},"in2DMode":false,"pivot":{"x":-0.05021914839744568,"y":0.09949970990419388,"z":-0.0124940425157547},"rotation":{"x":-0.04774916172027588,"y":0.8755525946617127,"z":-0.08859658986330033,"w":-0.4726620018482208},"size":0.19291818141937257,"orthographic":false}