{"cameraMode":{"drawMode":0,"name":"Shaded","section":"Shading Mode"},"sceneLighting":true,"audioPlay":false,"sceneViewState":{"showFog":true,"showMaterialUpdate":false,"showSkybox":true,"showFlares":true,"showImageEffects":true,"showParticleSystems":true},"in2DMode":false,"pivot":{"x":12.786490440368653,"y":10.799422264099121,"z":-17.091012954711915},"rotation":{"x":0.25534242391586306,"y":-0.35089412331581118,"z":0.10008364170789719,"w":0.8953797221183777},"size":6.498795509338379,"orthographic":false}