{"cameraMode":{"drawMode":0,"name":"Shaded","section":"Shading Mode"},"sceneLighting":false,"audioPlay":false,"sceneViewState":{"showFog":true,"showMaterialUpdate":false,"showSkybox":false,"showFlares":true,"showImageEffects":true,"showParticleSystems":true},"in2DMode":false,"pivot":{"x":-0.03965303301811218,"y":0.3206026554107666,"z":0.544890284538269},"rotation":{"x":0.3065932095050812,"y":-0.10253649204969406,"z":0.03324141725897789,"w":0.9457178115844727},"size":1.5073950290679932,"orthographic":false}