{"cameraMode":{"drawMode":0,"name":"Shaded","section":"Shading Mode"},"sceneLighting":false,"audioPlay":false,"sceneViewState":{"showFog":true,"showMaterialUpdate":true,"showSkybox":false,"showFlares":true,"showImageEffects":true,"showParticleSystems":true},"in2DMode":false,"pivot":{"x":11.101741790771485,"y":1.5549999475479127,"z":0.0},"rotation":{"x":-0.13983570039272309,"y":0.8598769903182983,"z":-0.3328397572040558,"w":-0.36132240295410159},"size":0.00866031739860773,"orthographic":false}