{"cameraMode":{"drawMode":0,"name":"Shaded","section":"Shading Mode"},"sceneLighting":true,"audioPlay":false,"sceneViewState":{"showFog":true,"showMaterialUpdate":false,"showSkybox":true,"showFlares":true,"showImageEffects":true,"showParticleSystems":true},"in2DMode":false,"pivot":{"x":-0.9342713356018066,"y":0.9296634197235107,"z":-0.4602782726287842},"rotation":{"x":-0.07674212753772736,"y":0.8891604542732239,"z":-0.16208449006080628,"w":-0.42099064588546755},"size":2.4419360160827638,"orthographic":false}