{"cameraMode":{"drawMode":0,"name":"Shaded","section":"Shading Mode"},"sceneLighting":false,"audioPlay":false,"sceneViewState":{"showFog":true,"showMaterialUpdate":false,"showSkybox":false,"showFlares":true,"showImageEffects":true,"showParticleSystems":true},"in2DMode":false,"pivot":{"x":0.8035221695899963,"y":-0.32990455627441409,"z":0.5807947516441345},"rotation":{"x":0.45137444138526919,"y":0.27146145701408389,"z":-0.14633163809776307,"w":0.837350606918335},"size":2.6010615825653078,"orthographic":false}