{"cameraMode":{"drawMode":0,"name":"Shaded","section":"Shading Mode"},"sceneLighting":true,"audioPlay":false,"sceneViewState":{"showFog":true,"showMaterialUpdate":false,"showSkybox":false,"showFlares":true,"showImageEffects":true,"showParticleSystems":true},"in2DMode":false,"pivot":{"x":-0.00119798444211483,"y":0.00959530845284462,"z":0.003083888441324234},"rotation":{"x":-0.044250987470149997,"y":0.9154915809631348,"z":-0.10513431578874588,"w":-0.3859996199607849},"size":0.012554701417684555,"orthographic":false}