{"cameraMode":{"drawMode":0,"name":"Shaded","section":"Shading Mode"},"sceneLighting":false,"audioPlay":false,"sceneViewState":{"showFog":true,"showMaterialUpdate":false,"showSkybox":false,"showFlares":true,"showImageEffects":true,"showParticleSystems":true},"in2DMode":false,"pivot":{"x":0.5007321834564209,"y":-1.1430439949035645,"z":-1.027915358543396},"rotation":{"x":0.5682379007339478,"y":0.37653404474258425,"z":-0.3268623948097229,"w":0.6545908451080322},"size":3.2940151691436769,"orthographic":false}