{"cameraMode":{"drawMode":0,"name":"Shaded","section":"Shading Mode"},"sceneLighting":true,"audioPlay":false,"sceneViewState":{"showFog":true,"showMaterialUpdate":false,"showSkybox":false,"showFlares":true,"showImageEffects":true,"showParticleSystems":true},"in2DMode":false,"pivot":{"x":0.0006569838151335716,"y":0.010689834132790566,"z":-0.0004964955151081085},"rotation":{"x":-0.021013112738728524,"y":0.9781227111816406,"z":-0.12422242760658264,"w":-0.16622689366340638},"size":0.014154624193906784,"orthographic":false}