{"cameraMode":{"drawMode":0,"name":"Shaded","section":"Shading Mode"},"sceneLighting":true,"audioPlay":false,"sceneViewState":{"showFog":true,"showMaterialUpdate":false,"showSkybox":false,"showFlares":true,"showImageEffects":true,"showParticleSystems":true},"in2DMode":false,"pivot":{"x":-0.002693846821784973,"y":0.01609448902308941,"z":0.011868588626384735},"rotation":{"x":-0.09896921366453171,"y":0.8395307064056397,"z":-0.16352884471416474,"w":-0.5087878108024597},"size":0.07262379676103592,"orthographic":false}