{"cameraMode":{"drawMode":0,"name":"Shaded","section":"Shading Mode"},"sceneLighting":true,"audioPlay":false,"sceneViewState":{"showFog":true,"showMaterialUpdate":false,"showSkybox":true,"showFlares":true,"showImageEffects":true,"showParticleSystems":true},"in2DMode":false,"pivot":{"x":14.565937042236329,"y":8.61728572845459,"z":-12.90572452545166},"rotation":{"x":-0.23517097532749177,"y":0.4203825294971466,"z":-0.1137693002820015,"w":-0.8689318299293518},"size":2.666025161743164,"orthographic":false}