{"cameraMode":{"drawMode":0,"name":"Shaded","section":"Shading Mode"},"sceneLighting":false,"audioPlay":false,"sceneViewState":{"showFog":true,"showMaterialUpdate":false,"showSkybox":false,"showFlares":true,"showImageEffects":true,"showParticleSystems":true},"in2DMode":false,"pivot":{"x":0.4733062982559204,"y":-0.5962047576904297,"z":1.0031390190124512},"rotation":{"x":0.23377229273319245,"y":0.48135632276535036,"z":-0.1349346935749054,"w":0.833932101726532},"size":1.5086603164672852,"orthographic":false}