{"cameraMode":{"drawMode":0,"name":"Shaded","section":"Shading Mode"},"sceneLighting":true,"audioPlay":false,"sceneViewState":{"showFog":true,"showMaterialUpdate":false,"showSkybox":true,"showFlares":true,"showImageEffects":true,"showParticleSystems":true},"in2DMode":false,"pivot":{"x":-0.47857731580734255,"y":-1.085020661354065,"z":0.515606164932251},"rotation":{"x":0.003641460556536913,"y":-0.7017776966094971,"z":0.7123838663101196,"w":0.0035864482633769514},"size":1.2202270030975342,"orthographic":false}