{"cameraMode":{"drawMode":0,"name":"Shaded","section":"Shading Mode"},"sceneLighting":true,"audioPlay":false,"sceneViewState":{"showFog":true,"showMaterialUpdate":false,"showSkybox":true,"showFlares":true,"showImageEffects":true,"showParticleSystems":true},"in2DMode":false,"pivot":{"x":10.113375663757325,"y":10.482666015625,"z":-12.94308090209961},"rotation":{"x":-0.01641715317964554,"y":0.9527416229248047,"z":-0.29879167675971987,"w":-0.052347514778375629},"size":53.448402404785159,"orthographic":false}