{"cameraMode":{"drawMode":0,"name":"Shaded","section":"Shading Mode"},"sceneLighting":false,"audioPlay":false,"sceneViewState":{"showFog":true,"showMaterialUpdate":false,"showSkybox":false,"showFlares":true,"showImageEffects":true,"showParticleSystems":true},"in2DMode":false,"pivot":{"x":1.4749149084091187,"y":0.352292001247406,"z":-0.16511864960193635},"rotation":{"x":0.025816619396209718,"y":0.7299380898475647,"z":-0.02761138789355755,"w":0.6824674010276794},"size":1.5866026878356934,"orthographic":false}