{"cameraMode":{"drawMode":0,"name":"Shaded","section":"Shading Mode"},"sceneLighting":false,"audioPlay":false,"sceneViewState":{"showFog":true,"showMaterialUpdate":false,"showSkybox":false,"showFlares":true,"showImageEffects":true,"showParticleSystems":true},"in2DMode":false,"pivot":{"x":-0.7839967012405396,"y":-0.05657529830932617,"z":0.3580440580844879},"rotation":{"x":0.321206659078598,"y":-0.5190888047218323,"z":0.2190438210964203,"w":0.7611886262893677},"size":1.5493247509002686,"orthographic":false}