{"cameraMode":{"drawMode":0,"name":"Shaded","section":"Shading Mode"},"sceneLighting":true,"audioPlay":false,"sceneViewState":{"showFog":true,"showMaterialUpdate":false,"showSkybox":true,"showFlares":true,"showImageEffects":true,"showParticleSystems":true},"in2DMode":false,"pivot":{"x":-0.516488254070282,"y":0.10126996040344238,"z":0.2110527753829956},"rotation":{"x":0.3747796416282654,"y":0.09707991033792496,"z":-0.03949694335460663,"w":0.9211720824241638},"size":0.737407386302948,"orthographic":false}